{
  "admin_metadata_relpath": [
    ".dtool",
    "dtool"
  ],
  "annotations_directory": [
    ".dtool",
    "annotations"
  ],
  "data_directory": [
    "data"
  ],
  "dataset_readme_relpath": [
    "README.yml"
  ],
  "dtool_directory": [
    ".dtool"
  ],
  "dtool_readme_relpath": [
    ".dtool",
    "README.txt"
  ],
  "manifest_relpath": [
    ".dtool",
    "manifest.json"
  ],
  "metadata_fragments_directory": [
    ".dtool",
    "tmp_fragments"
  ],
  "overlays_directory": [
    ".dtool",
    "overlays"
  ],
  "storage_broker_version": "3.18.3",
  "structure_metadata_relpath": [
    ".dtool",
    "structure.json"
  ],
  "tags_directory": [
    ".dtool",
    "tags"
  ]
}